geo_id,county_name,population,avg_household_size,level_up_access_pop_percent,sex_total_men,sex_total_women,race_hispanic_or_latino,race_not_hispanic_or_latino,race_american_indian_and_alaska_native,race_asian,race_black_or_african_american,race_native_hawaiian_and_other_pacific_islander,race_some_other_race,race_two_or_more,race_two_or_more_excluding_some_ther_and_three_or_more,race_two_or_more_including_some_other,race_white_alone,occupation_population_16_and_over_total,occupation_management_business_science_and_arts,occupation_service,occupation_sales_and_office,occupation_natural_resources_construction_and_maintenance,occupation_production_transporation_and_material_moving,hh_with_computer_and_internet_total,hh_with_computer,hh_with_bb_internet_subscription,industry_agriculture_forestry_fishing_and_hunting_and_mining,industry_construction,industry_manufacturing,industry_wholesale_trade,industry_retail_trade,industry_transportation_and_warehousing_and_utilities,industry_information,industry_finance_and_insurance_real_estate_and_rental_and_leasing,industry_professional_scientific_management_administrative_and_waste_management_services,industry_educational_services_health_care_and_social_assistance,industry_arts_entertainment_recreation_accommodation_and_food_services,industry_other_services_except_public_administration,industry_public_administration,hh_with_income_total,hh_with_income_less_than_10000,hh_with_income_10000-14999,hh_with_income_15000-24999,hh_with_income_25000-34999,hh_with_income_35000-49999,hh_with_income50000-74999,hh_with_income_75000-99999,hh_with_income_100000-149999,hh_with_income_150000-199999,hh_with_income_200000_and_greater,hh_median_income,hh_mean_income,family_structure_hh_total,family_structure_hh_with_one_or_more_under_18,family_structure_hh_with_none_under_18,employment_16_and_over_in_labor_force,employment_employed,employment_unemployed,employment_not_in_labor_force,employment_%_unemployment_rate,%_eduction_population_25_and_over_less_than_9th_grade,%_eduction_population_25_and_over_9th-12th_no_diploma,%_eduction_population_25_and_over_high_school_graduate,%_eduction_population_25_and_over_some_college_no_degree,%_eduction_population_25_and_over_associates_degree,%_eduction_population_25_and_over_bachelors_degree,%_eduction_population_25_and_over_graduate_or_professional_degree,disability_population_under_18,disability_population_18-64,disability_population_65_and_over,disability_under_18_with_disability,disability_18-64_with_disability,disability_64_and_over_with_disability,citizenship_native_born,citizenship_foreign_born,age_under_5,age_5-9,age_10-14,age_15-19,age_20-24,age_25-34,age_35-44,age_45-54,age_55-59,age_60-64,age_65-74,age_75-84,age_85_and_over
0500000US06033,Lake County,64148,2.43,0.8808902556456373,31879,32269,12830,51318,2090,642,1426,30,142,1365,1348,17,45623,23589,6424,6385,4546,3687,2547,25966,21733,18861,1658,2083,909,382,2759,1121,313,724,2590,5898,1978,1301,1873,25966,2374,2051,3203,3247,3607,4030,3178,2609,959,708,42475,60847,25966,6757,19209,26145,23589,2556,26171,9.8,5.6,9.2,30.1,27.8,11.5,10.3,5.5,13272,36442,13737,399,6505,5862,58466,5682,3683,3828,3496,3516,3231,6973,6706,8097,5137,5540,8591,3975,1375
0500000US06043,Mariposa County,17540,2.13,0.40777771318956,8920,8620,1909,15631,390,243,166,54,20,633,627,6,14125,7051,2043,2154,1485,657,712,7700,6710,5861,270,304,348,92,816,244,74,214,739,1221,1791,167,771,7700,494,484,934,711,1133,1465,1060,873,384,162,51199,64590,7700,1922,5778,7727,7051,676,7284,8.7,3.2,6.4,26.5,30.6,9.8,14.6,8.8,2860,9845,4665,145,1528,1527,16293,1247,762,761,751,804,803,1885,1614,2284,1503,1683,2778,1556,356
0500000US06115,Yuba County,75493,2.83,0.7587329028321554,38468,37025,20990,54503,643,4977,2340,292,126,4040,3982,58,42085,28954,7773,5950,6599,4331,4301,26179,23373,21034,1230,2700,1689,698,3754,1415,586,1215,2803,6188,2642,1246,2788,26179,1289,1879,2835,2497,3956,4744,3264,3591,1450,674,52624,67391,26179,10190,15989,31602,28954,2648,23343,8.4,7.6,10.3,23.1,31.2,11.0,11.7,4.9,20850,43487,9002,1049,6852,3671,66060,9433,6126,5796,5815,4955,5600,11930,9193,8410,4592,4001,5647,2311,1117
0500000US06013,Contra Costa County,1133247,2.86,0.9766515072967832,553701,579546,288101,845146,2376,182135,93683,5251,3829,54921,53181,1740,502951,547323,240244,96666,118637,42681,49095,392277,370116,353692,3698,38721,36881,12747,56545,28780,15140,46505,88220,120380,49287,28545,21874,392277,13870,11757,21416,22514,34834,54684,48475,74344,43088,67295,93712,128079,392277,141689,250588,582886,547323,35563,318646,6.1,5.8,4.9,17.6,21.8,8.3,26.1,15.6,260902,699892,167209,9942,62588,54212,850039,283208,65505,73025,76328,72857,68013,143793,151683,164203,78858,69200,99537,48565,21680
0500000US06035,Lassen County,31185,2.23,0.5175154548130704,20671,10514,5834,25351,847,436,2695,205,22,618,559,59,20528,8788,2562,2328,1768,1032,1098,9493,7990,7227,585,587,151,102,705,284,93,218,307,1945,614,253,2944,9493,497,609,941,909,1150,1979,1171,1388,599,250,56362,71097,9493,2417,7076,9358,8788,570,17347,6.1,3.8,13.4,33.2,27.8,9.7,8.0,4.1,4891,12457,4028,269,1807,1523,29559,1626,1384,1272,1477,1444,3218,6287,4353,3899,1803,1891,2504,1250,403
0500000US06083,Santa Barbara County,443738,2.92,0.9260849408397333,222208,221530,200060,243678,1407,22996,7881,482,604,10952,10760,192,199356,211751,75445,45727,41474,29716,19389,144962,132496,123720,18824,11534,14778,4291,20694,6430,4161,9998,25068,49005,26135,11684,9149,144962,6864,5491,10816,11530,16958,23777,18558,23900,11941,15127,71657,101100,144962,48250,96712,225612,211751,13861,128019,6.1,12.2,6.8,17.9,21.5,7.7,20.0,13.8,98966,274274,63471,2890,20114,20329,342132,101606,28356,27457,27240,37445,49425,58974,50124,49960,25886,24096,35041,19841,9893
0500000US06097,Sonoma County,501317,2.6,0.9502888723459348,245196,256121,132985,368332,2068,19720,7192,1406,2501,17208,16693,515,318237,253421,95082,50577,53855,26694,27213,189339,176225,164929,7049,20758,24459,7454,29076,9392,5027,14582,29868,53303,27492,14712,10249,189339,7132,6950,13121,13538,19516,32265,27194,33102,17769,18752,76753,102483,189339,53942,135397,266964,253421,13543,144290,5.1,6.2,5.8,18.8,24.8,9.5,22.0,12.9,100500,306907,89660,3453,30195,26665,418378,82939,25736,28607,28944,29922,30140,65417,61766,66429,35686,37573,55520,23956,11621
0500000US06025,Imperial County,180216,3.87,0.8513975112435505,92250,87966,151019,29197,1076,2376,3906,307,120,1639,1598,41,19773,59919,14834,14594,13571,8265,8655,44057,37309,32551,5885,3089,2459,1409,8411,3829,472,1929,4356,15755,4803,2077,5445,44057,3622,4272,5700,4444,5498,7086,5127,5278,1709,1321,45834,63186,44057,18654,25403,70701,59919,10782,62868,15.3,16.9,14.2,24.5,23.8,6.3,9.9,4.6,51643,96863,22228,2119,11332,11106,124173,56043,15092,13588,14616,13576,14006,26210,21833,20565,9536,8748,12428,6979,3039
0500000US06051,Mono County,14174,2.86,0.8278870119080587,7341,6833,3866,10308,342,336,40,0,80,276,276,0,9234,8278,3167,2322,1466,779,544,4847,4428,4036,396,668,209,7,779,274,88,456,641,988,3208,199,365,4847,140,102,267,339,745,1243,801,765,218,227,63018,80008,4847,898,3949,8540,8278,262,3177,3.1,6.5,4.8,22.8,28.1,7.2,23.3,7.4,2689,9340,2030,74,450,391,11685,2489,464,786,911,630,1341,2264,1563,1964,1314,907,1385,568,77
0500000US06001,Alameda County,1643700,2.81,0.9899199977981594,807171,836529,369061,1274639,5288,483067,172329,13192,4977,72395,68394,4001,523391,847170,416304,133684,159554,52574,85054,572870,535962,501197,3521,45030,84427,21399,75870,42669,29583,52183,161984,183906,75316,42281,29001,572870,24255,21621,33723,33965,47322,76730,66253,104464,67134,97403,92574,122575,572870,194897,377973,892280,847170,45110,442149,5.1,6.2,5.8,17.6,17.9,6.5,26.4,19.5,344125,1078282,211721,9143,75373,68618,1111462,532238,97506,96428,95792,93865,103705,271867,244557,224507,106455,93101,126820,60948,28149
0500000US06067,Sacramento County,1510023,2.77,0.9603415860530626,737742,772281,347025,1162998,5469,231740,144003,16335,6086,76865,73779,3086,682500,686019,267564,132177,159200,53759,73319,536029,499475,458851,5918,43737,38148,17066,75105,37705,12415,48305,81011,153425,65531,34990,72663,536029,29236,27434,45253,46057,63279,93941,69723,85746,40791,34569,63902,85289,536029,183652,352377,740570,686019,54551,445040,7.4,6.5,6.1,22.3,24.9,9.7,20.1,10.4,362128,934190,199143,13149,93440,74859,1195438,314585,99356,101293,102000,94932,100159,234363,197732,195044,95111,87826,117908,57619,26680
0500000US06055,Napa County,140530,2.78,0.9157712858636312,70082,70448,47687,92843,326,11210,2764,264,516,3604,3384,220,74159,70888,25676,14669,14817,8097,7629,49032,45419,42930,4091,4332,9250,1923,7040,2136,823,3569,6768,15037,9806,3365,2748,49032,1582,1465,3053,3219,5131,7700,6142,9278,4977,6485,84753,116922,49032,15866,33166,74616,70888,3728,39796,5.0,9.7,5.2,18.0,23.0,9.2,23.0,11.9,29847,84375,24481,1117,7441,7755,109061,31469,7318,7449,9619,9036,8888,17269,17769,18925,9560,9337,14353,7545,3462
0500000US06053,Monterey County,433212,3.3,0.8949433374571777,220967,212245,252588,180624,1046,23647,10606,1963,530,11594,11458,136,131238,185025,52799,36880,34992,38020,22334,126052,110447,101887,33257,11143,9615,5058,17409,6436,2410,6551,16854,36635,21934,8114,9609,126052,4820,4179,9561,10842,15983,24256,17300,19706,9041,10364,66676,93636,126052,49770,76282,195500,185025,10475,130379,5.4,19.5,9.2,20.4,18.2,8.1,14.7,9.7,113985,248590,54331,3209,16513,17454,303311,129901,32318,31786,32230,30473,31877,63216,56042,51701,25456,22598,32072,15291,8152
0500000US06091,Sierra County,2930,2.34,0.02029950083194676,1542,1388,324,2606,25,0,6,0,0,8,8,0,2567,1251,346,235,201,282,187,1241,979,909,46,237,39,0,61,131,2,0,105,261,104,31,234,1241,45,127,145,118,196,139,135,263,48,25,48125,67464,1241,159,1082,1311,1251,60,1229,4.6,0.4,6.3,26.6,34.6,13.4,8.9,9.8,441,1623,839,0,202,182,2865,65,112,111,153,141,83,187,380,254,482,174,516,281,56
0500000US06073,San Diego County,3302833,2.87,0.9780773620343106,1661931,1640902,1106925,2195908,12282,382336,155536,12811,6366,111197,108705,2492,1515380,1564930,652475,304726,340038,119478,148213,1118980,1051246,993171,13471,91902,144583,37263,163799,63842,34501,97145,236691,332860,186676,84047,78150,1118980,51029,39441,78317,84271,122572,184805,144979,197632,98349,117585,74855,101302,1118980,374289,744691,1671892,1564930,106962,911554,6.4,6.7,6.1,18.4,22.4,8.2,23.5,14.7,724787,2047192,432491,21691,147849,145357,2528468,774365,211969,198148,197726,209496,262118,541385,436855,420221,201666,183654,251516,127904,60175
0500000US06113,Yolo County,214977,2.81,0.8682993197278912,104375,110602,67809,147168,533,29360,5215,919,258,9609,9276,333,101274,97374,43675,18245,16600,8470,10384,73510,68507,63619,3926,4630,5836,2231,9731,4672,1158,4229,10158,28377,10130,4301,7995,73510,5640,3773,6430,5442,7435,12203,8701,11053,5690,7143,65923,92571,73510,24120,49390,104096,97374,6722,70002,6.5,7.2,6.5,18.5,19.5,6.8,21.1,20.4,45830,142813,24963,1003,10125,8819,165855,49122,12467,12618,13052,20389,30396,29455,24981,23778,11704,10696,14761,7050,3630
0500000US06023,Humboldt County,135768,2.43,0.9472107880021836,67666,68102,15360,120408,5919,4049,1342,369,258,7166,7057,109,101305,60970,20699,14302,13851,6020,6098,54267,48738,44023,2946,4143,2538,1433,8316,2318,860,2585,5342,15642,7718,3072,4057,54267,3804,4175,6889,6159,8242,9925,5712,5664,1888,1809,45528,63753,54267,13695,40572,66297,60970,5327,45852,8.0,2.8,6.8,23.5,27.5,9.5,19.6,10.2,26198,86194,22418,1324,12404,8213,128382,7386,7364,7787,6803,9105,12763,18345,17028,15030,9122,9774,14208,5791,2648
0500000US06003,Alpine County,1146,3.71,0.11691762621789195,612,534,105,1041,294,8,9,0,0,52,52,0,678,366,114,79,76,59,38,299,272,254,14,21,0,0,61,41,15,5,34,58,59,18,40,299,11,20,22,32,37,51,27,51,26,22,64688,92738,299,56,243,445,366,79,489,17.8,3.2,7.9,28.7,26.1,4.1,19.0,11.0,239,614,293,16,125,96,1119,27,39,58,79,114,72,91,140,83,68,109,192,66,35
0500000US06045,Mendocino County,87422,2.5,0.8398944080047033,43439,43983,21679,65743,2839,1667,511,170,180,3062,3037,25,57314,37712,12135,8369,7867,5580,3761,34090,29268,26465,2675,3033,2730,854,4672,1080,619,1438,3265,8376,4322,2386,2262,34090,2289,2555,3968,3889,4577,6425,3957,3994,1280,1156,49233,67340,34090,9576,24514,41549,37712,3837,29429,9.2,6.0,7.1,25.8,28.5,7.9,16.3,8.3,18831,50158,17586,928,7408,6230,76100,11322,5143,5838,4704,5160,4778,9969,10119,10569,6405,6892,11538,4309,1998
0500000US06087,Santa Cruz County,273765,2.73,0.9908972120653116,135727,138038,91676,182089,360,12116,2359,168,554,8992,8851,141,157540,134904,55912,25456,27338,14312,11886,95756,87694,82710,6851,8414,11765,3574,14194,4055,3272,5777,16494,33829,15336,6843,4500,95756,4893,4046,7091,6734,9176,14353,11540,15655,8902,13366,78041,109141,95756,28141,67615,143931,134904,9027,82182,6.3,9.1,4.5,15.8,21.7,8.9,23.7,16.4,53695,178115,40487,2461,16189,11664,224800,48965,14535,14511,15516,22731,27607,33557,31870,34702,19532,18203,25867,10581,4553
0500000US06037,Los Angeles County,10098052,3.0,0.9944504028097321,4976788,5121264,4893603,5204449,20307,1451560,795505,24821,29924,223280,209713,13567,2659052,4869658,1801478,922427,1103131,370471,672151,3306109,2989974,2714350,22589,284152,468036,165067,506432,283832,216025,295370,628758,1003878,549162,290342,156015,3306109,192319,168753,296864,282438,386040,534611,396793,500603,239855,307833,64251,94484,3306109,1109456,2196653,5226836,4869658,357178,2884764,6.8,12.6,8.7,20.7,19.2,7.0,20.7,11.1,2242820,6515718,1271912,66832,471391,454812,6641096,3456956,624745,607905,626594,654903,738416,1609935,1387454,1369838,631221,547764,734393,384700,180184
0500000US06065,Riverside County,2383286,3.27,0.968306903192746,1186188,1197098,1154517,1228769,10064,147706,144503,5846,5345,58837,56161,2676,856468,1007795,297244,213776,233962,113079,149734,718349,657216,608643,15232,87664,86267,29095,129870,65157,14677,50780,103724,208682,115992,52608,48047,718349,39712,30031,64175,65380,87029,124931,94201,116546,51748,44596,63948,84391,718349,274850,443499,1102504,1007795,94709,735810,8.6,9.1,9.2,26.9,24.9,8.0,13.9,7.9,612817,1423514,325413,21685,131421,116691,1867048,516238,158008,169403,177796,177697,170153,328917,303627,303884,142066,123126,186772,101900,39937
0500000US06085,Santa Clara County,1922200,2.97,0.9940399989210791,970469,951731,495455,1426745,3003,685265,45379,6231,4743,66212,62474,3738,615912,985838,523343,146473,172874,60230,82918,635525,605466,576421,5281,50085,165363,20368,84494,28399,50948,46925,203242,185953,80611,40075,24094,635525,20454,17520,29090,29276,44235,71227,65389,114669,83325,160340,116178,154183,635525,233992,401533,1035436,985838,49598,501131,4.8,6.7,5.2,14.5,15.4,6.9,27.3,24.0,432332,1237908,242533,9756,64875,77148,1177545,744655,118688,119462,124678,113909,121662,304906,280977,269412,120020,101578,138006,75122,33780
0500000US06041,Marin County,260295,2.4,0.9428959996290944,127113,133182,41335,218960,435,14815,5597,292,2453,9559,9282,277,185809,131425,71865,18884,26345,7511,6820,105258,99111,95274,901,7675,6135,3193,12150,3974,4977,13220,26350,28470,12055,7895,4430,105258,3448,2877,5474,5554,7858,12246,10687,17758,11730,27626,110217,168429,105258,30323,74935,136574,131425,5149,76231,3.8,3.9,2.9,10.9,17.0,6.5,33.2,25.6,52777,149085,53690,1252,8897,12662,212306,47989,12292,15188,16044,14371,11859,22746,31827,41362,20429,19552,32032,15888,6705
0500000US06093,Siskiyou County,43540,2.23,0.6780357840097384,21706,21834,5336,38204,1283,671,619,120,33,2088,2062,26,33390,16725,5545,3392,3436,2482,1870,19257,16453,14978,1795,999,955,328,1903,691,257,490,1069,4127,1734,904,1473,19257,1554,1307,2680,2194,2869,3504,2157,1939,619,434,44200,63208,19257,4612,14645,18165,16725,1440,17660,7.9,3.2,6.8,25.5,30.5,11.4,14.9,7.7,8787,24221,10421,378,4114,3918,41285,2255,2257,2695,2309,2459,2028,4439,4286,5085,3768,3751,6451,2829,1183
0500000US06089,Shasta County,179085,2.49,0.7641381608174145,87859,91226,17605,161480,4014,5326,2140,182,151,6092,5863,229,143575,72392,23611,15821,17587,7609,7764,70473,62041,55518,1454,5495,4083,1423,9512,3094,1221,3958,6801,19105,7284,4267,4695,70473,4231,4935,7857,7541,10154,13004,8110,8201,3722,2718,50905,69130,70473,19384,51089,77216,72392,4824,67636,6.2,2.4,6.8,24.8,32.2,11.6,14.6,7.6,38494,104111,35043,1383,15944,14344,169322,9763,10520,10893,10500,10808,10213,22779,19093,22249,12939,13470,20852,10598,4171
0500000US06015,Del Norte County,27424,2.48,0.9357831152020709,14575,12849,5340,22084,1841,937,758,17,128,1231,1205,26,17172,8823,2893,2787,1527,820,796,9799,8571,7523,381,379,322,83,1022,164,61,267,487,2482,1146,346,1683,9799,879,829,1290,1115,1003,2012,1140,934,281,316,45258,61652,9799,2914,6885,9619,8823,796,12373,8.3,4.5,14.5,31.5,26.9,8.3,8.3,6.0,5929,13892,4541,331,2761,2029,25498,1926,1584,1547,1849,1533,1474,4081,3448,3370,2151,1802,2808,1166,611
0500000US06021,Glenn County,27897,2.75,0.6528721868066073,14171,13726,11504,16393,414,820,223,17,0,412,410,2,14507,10994,2459,2009,1948,2588,1990,10017,8341,6988,2603,552,909,199,1401,581,50,203,464,1949,884,646,553,10017,857,863,1233,802,1493,2016,1070,1161,334,188,47395,60614,10017,3626,6391,11800,10994,806,9539,6.8,13.8,10.9,28.2,24.6,8.6,10.9,3.0,7458,15878,4257,364,2325,1933,22641,5256,2051,1760,2347,2031,1784,3447,3385,3382,1652,1758,2445,1363,492
0500000US06007,Butte County,227075,2.55,0.8781719635378172,112513,114562,36358,190717,1738,9900,3303,341,406,10639,10350,289,164390,94908,34326,20568,20485,8561,10968,86797,78815,72243,3792,5506,6230,1740,12823,3287,1680,4995,8871,26046,11195,4549,4194,86797,6590,6413,10660,8764,12152,14353,9407,10558,4115,3785,48443,69621,86797,23182,63615,103993,94908,9085,82599,8.7,3.9,6.8,22.7,29.8,10.3,17.5,9.0,45583,139711,39216,2574,20427,15145,209909,17166,12523,13858,11572,15615,25617,28693,24065,25068,15004,14841,23163,11730,5326
0500000US06063,Plumas County,18699,2.28,0.11857287180305205,9423,9276,1629,17070,387,200,194,41,126,551,551,0,15571,7536,2614,1852,1287,975,808,8047,6778,6104,313,769,469,42,787,453,70,235,534,1830,932,459,643,8047,402,610,861,720,1189,1498,1057,1048,397,265,53270,71648,8047,1685,6362,8052,7536,516,7933,6.4,1.5,4.6,25.2,32.7,12.6,13.3,10.2,3063,10574,4907,222,1687,1502,17944,755,859,893,827,992,698,1714,1844,2211,1592,2081,3160,1410,418
0500000US06079,San Luis Obispo County,281455,2.52,0.8875105523981759,142769,138686,63002,218453,1363,9924,4912,258,244,7178,6955,223,194574,129358,50946,26817,26782,13709,11104,105317,97444,90752,4383,11017,9026,2912,14469,5637,2056,5764,14045,29918,16234,6548,7349,105317,5649,4287,7915,7435,11870,18392,13799,18862,8158,8950,70699,93008,105317,26643,78674,135533,129358,6175,99422,4.6,4.1,5.0,19.8,25.9,10.5,21.4,13.2,50426,172552,51913,2019,13540,16056,252344,29111,13457,14079,14326,22464,29568,32771,30037,32501,19546,19948,31047,15299,6412
0500000US06029,Kern County,883053,3.18,0.9000241058346118,452646,430407,465842,417211,4202,40273,45053,1153,1039,18461,17011,1450,307030,339384,90646,63177,65664,71402,48495,267913,228712,205715,56071,22692,17722,10313,36465,18374,3452,12008,27389,68154,29630,15436,21678,267913,17667,15647,30030,28629,36738,47612,30489,35313,14736,11052,52479,71440,267913,118202,149711,378440,339384,39056,272808,10.3,13.6,12.6,27.7,22.8,7.2,10.7,5.4,257361,506960,90257,9279,52065,34097,706709,176344,71173,72357,72906,65963,68554,135500,110974,102382,49204,42035,55461,26402,10142
0500000US06059,Orange County,3164182,3.02,0.9854922958523684,1562429,1601753,1080195,2083987,6348,629637,50412,8541,5881,87132,82896,4236,1296036,1578079,658308,272860,373300,101631,171980,1032373,974586,921485,8771,90153,198904,56164,165841,55229,31976,135201,227315,304398,173459,86644,44024,1032373,43771,30304,62835,66044,96088,157083,132431,189165,107421,147231,85398,117194,1032373,362611,669762,1662510,1578079,84431,874018,5.1,8.2,6.7,17.1,20.3,7.8,25.7,14.1,710247,2002915,434315,20658,116054,132906,2208880,955302,188956,189548,206380,208793,218993,453121,415919,453608,211722,176654,249211,131180,60097
0500000US06009,Calaveras County,45235,2.57,0.8126347892386451,22434,22801,5297,39938,374,568,299,126,52,1614,1595,19,36905,17114,5753,3360,4173,1977,1851,17417,15073,13567,505,1985,1381,346,1913,865,328,713,2143,3550,1349,750,1286,17417,753,792,1681,1800,2475,2918,2241,2558,1375,824,58151,79782,17417,3647,13770,18230,17114,1116,20292,6.1,3.3,6.3,27.6,31.8,12.3,12.7,6.0,7690,25017,12135,385,4464,4754,42669,2566,1936,2398,1926,2319,2054,3929,4212,5878,3966,4403,7469,3517,1228
0500000US06101,Sutter County,95872,2.93,0.9082612327396852,47789,48083,29354,66518,676,14532,1793,367,211,4170,3960,210,44769,38664,11579,6994,7993,6475,5623,32360,28723,26537,4230,2868,2877,1272,4771,2157,346,1490,2931,8413,3431,1537,2341,32360,1593,1561,3284,3286,4552,6202,3959,4862,1721,1340,56955,75716,32360,13032,19328,42808,38664,4144,30333,9.7,12.7,9.3,23.9,25.4,10.9,11.8,5.9,25104,55652,13876,1058,6330,5644,74548,21324,6614,7219,7031,6583,6204,13284,11641,11722,5701,5645,7826,4618,1784
0500000US06081,San Mateo County,765935,2.89,0.997574921109927,377851,388084,189002,576933,1151,212474,16838,10272,2476,30675,29042,1633,303047,409911,198720,69574,83257,24481,33879,261969,247758,234946,2018,21056,31935,8954,37624,22964,18578,31581,77705,82498,40523,21111,13364,261969,7627,6048,11667,12425,18246,30288,28976,47304,32301,67087,113776,162639,261969,86444,175525,427467,409911,17556,194669,4.1,6.4,4.5,15.0,17.2,7.0,28.8,21.2,160992,485205,115904,3904,25893,35252,499203,266732,44775,46334,43978,40654,42295,111996,110088,108983,51530,47435,66210,33971,17686
0500000US06109,Tuolumne County,53932,2.25,0.9894636366973824,28102,25830,6527,47405,747,732,880,125,40,1517,1489,28,43364,20930,6893,5782,4098,2143,2014,22427,19920,17533,611,1425,1002,199,1948,1172,364,973,1944,4820,3291,1392,1789,22427,1297,1450,2062,2346,2834,4045,3114,3038,886,1355,56493,80361,22427,5043,17384,22446,20930,1516,23582,6.8,1.9,7.7,28.4,31.2,10.8,12.9,7.2,9004,28790,13118,444,4967,4287,51503,2429,2389,2833,2220,2641,2726,6669,5563,6359,4214,4967,7859,3739,1753
0500000US06077,San Joaquin County,732212,3.16,0.9138716932015294,364612,367600,301256,430956,1536,110164,49926,3959,1069,26415,25080,1335,237887,305509,84675,56052,66378,42113,56291,226727,201039,181235,14403,24441,30510,10622,36418,25253,4113,14396,29389,61999,24411,14451,15103,226727,11947,11352,21842,20742,28173,40017,28778,35403,15258,13215,61145,81297,226727,95158,131569,334498,305509,28989,218838,8.7,11.2,9.9,28.2,22.9,9.3,12.6,5.9,201113,435388,86568,7182,47851,34364,561324,170888,52723,57384,56988,55240,51640,101222,94351,92011,42250,38942,52720,25773,10968
0500000US06005,Amador County,37829,2.42,0.32545093205202386,20302,17527,5132,32697,270,466,749,69,10,1370,1370,0,29763,13289,4355,3056,3171,1470,1237,14090,12577,11467,592,923,598,139,1576,725,268,443,1315,2631,1986,688,1405,14090,593,550,1479,1576,1713,2760,1948,2155,591,725,61198,78014,14090,3413,10677,14544,13289,1255,18101,8.6,2.5,7.2,28.7,29.6,11.7,13.2,7.1,5682,18922,9570,259,2564,3485,35687,2142,1534,1540,1727,1978,1530,3744,4329,5105,3003,3387,6144,2555,1253
0500000US06047,Merced County,269075,3.31,0.8031201719984008,135816,133259,158494,110581,840,19487,8038,556,501,5151,4987,164,76008,102638,24599,19459,19554,19736,19290,79606,70974,63434,12792,6875,11833,3185,11452,5676,1038,2909,6840,23163,7756,4812,4307,79606,5230,5097,8627,8577,12196,14954,9425,8924,3506,3070,50129,69764,79606,36189,43417,117550,102638,14912,80376,12.7,18.5,12.1,25.8,22.4,7.1,9.1,4.8,79930,157414,28981,4136,18780,13290,199835,69240,21254,22886,22499,23338,21064,38509,32974,30749,14281,12201,16993,8987,3340
0500000US06049,Modoc County,8938,2.31,0.16016287750254496,4613,4325,1292,7646,291,130,149,6,4,104,96,8,6962,3125,1180,639,550,502,254,3660,2779,2539,637,98,18,94,242,115,16,76,171,786,340,261,271,3660,288,166,502,574,481,734,424,382,81,28,45149,54126,3660,830,2830,3399,3125,274,4030,8.1,7.0,7.4,32.3,26.1,11.4,10.4,5.5,1701,4748,2265,20,631,930,8293,645,402,556,464,491,252,1115,873,1050,691,751,1351,690,252
0500000US06027,Inyo County,18085,2.16,0.8344143245190975,9084,9001,3927,14158,1944,289,160,35,28,313,312,1,11389,8090,2650,1671,1830,1160,779,8083,7256,6293,406,753,209,75,928,621,110,256,362,2069,1230,411,660,8083,240,574,794,1064,1184,1667,910,1085,300,265,52874,68448,8083,1600,6483,8537,8090,447,6328,5.2,4.2,6.9,29.3,25.6,7.9,16.1,10.0,3635,10007,4039,100,894,1495,16427,1658,1011,1108,888,1055,779,2047,2018,2120,1404,1507,2321,1247,580
0500000US06099,Stanislaus County,539301,3.09,0.9324410707151418,266844,272457,245973,293328,2600,28599,14338,3711,908,13376,12769,607,229796,222532,61960,39292,47315,32421,41544,172682,155165,142962,12078,17435,27242,8710,28625,14004,2600,8333,19682,47408,18124,10394,7897,172682,8860,8979,16576,17386,23456,32240,22512,25877,9042,7754,57387,75761,172682,70808,101874,248662,222532,26130,160004,10.5,11.6,10.1,28.6,25.1,7.7,11.5,5.4,146661,323312,66202,5811,37151,27971,428370,110931,39410,41234,41604,39283,37852,77347,67919,66531,33381,26970,39540,19925,8305
0500000US06103,Tehama County,63373,2.6,0.4888451846844079,31504,31869,15623,47750,1013,964,420,17,24,1773,1734,39,43539,24265,6065,5561,5231,3630,3778,24025,19945,17226,1635,1903,2153,461,3316,1310,374,1008,1999,5089,2661,1134,1222,24025,1658,1774,3749,2885,3363,4385,2530,2258,776,647,42899,58939,24025,7572,16453,26749,24265,2484,23226,9.3,7.1,8.5,30.7,30.5,7.7,11.1,4.4,15158,35814,11866,744,6836,5042,57814,5559,3867,4283,4463,3872,3554,7538,7003,8006,4489,4333,7013,3481,1471
0500000US06069,San Benito County,59416,3.33,0.8875513518677749,29626,29790,35248,24168,193,1705,434,79,84,893,840,53,20780,28831,8302,5173,6189,4804,4363,17740,16658,15757,1962,3252,3451,950,3488,1351,411,1052,2396,5712,2378,1140,1288,17740,295,594,938,1125,1939,3198,2420,3849,1766,1616,81977,101057,17740,7626,10114,31125,28831,2294,14516,7.4,13.9,6.2,24.8,25.7,9.7,13.6,6.1,15591,36578,7090,395,2814,2353,47363,12053,3902,4187,4678,4469,4104,7890,7645,8149,3850,3348,4278,2031,885
0500000US06017,El Dorado County,186661,2.67,0.7473462593535607,93040,93621,23631,163030,939,8237,1432,396,184,5852,5721,131,145990,83049,34435,15821,18931,6845,7017,69172,64430,59285,1070,6412,5754,1404,9314,3444,1831,6396,10719,16652,10281,4056,5716,69172,2593,2436,5100,4889,6834,10639,8942,12881,6287,8571,80582,104895,69172,19444,49728,88529,83049,5480,64709,6.2,2.3,4.6,21.2,27.1,11.0,21.7,12.0,37953,110813,36572,1355,11710,11622,168767,17894,8672,10025,11954,11579,9715,18743,20562,26817,16226,15617,22676,10245,3830
0500000US06075,San Francisco County,870044,2.36,0.999948953489823,443970,426074,132651,737393,1363,294846,43619,2694,4163,37038,35528,1510,353670,515382,290413,83206,94034,16826,30903,359673,330605,309382,1106,16535,26424,8975,47293,21187,30937,43878,124553,94401,60331,23257,16505,359673,18633,18570,22449,18507,23903,37920,33637,58516,40785,86753,104552,149265,359673,67394,292279,540702,515382,25320,223550,4.7,7.1,4.5,12.3,13.8,5.3,34.3,22.8,116674,620028,129125,2747,40719,45846,570385,299659,39519,31072,29588,30492,49822,202928,137296,115998,51067,50824,71250,38978,21210
0500000US06107,Tulare County,460477,3.34,0.8047997288676578,230255,230222,295149,165328,2769,14800,5870,584,877,6811,6549,262,133617,177236,45513,31838,34188,38802,26895,136106,114238,100129,31682,8856,14599,6135,20057,7737,1598,5747,11014,36891,14741,8304,9875,136106,9449,9406,17255,15152,19769,24041,15118,15304,5448,5164,47518,66651,136106,62109,73997,195557,177236,18321,136749,9.4,18.9,11.3,26.0,21.9,7.6,9.6,4.8,143313,264181,49030,5792,28146,21290,358413,102064,38504,40849,40772,37292,33987,64943,57243,51482,23979,21035,29507,14406,6478
0500000US06057,Nevada County,99092,2.39,0.7074632850483685,48889,50203,9281,89811,570,989,601,154,130,2897,2812,85,84470,43368,17889,8565,9699,3679,3536,40904,37429,34503,618,3574,2682,805,4821,1823,651,2512,6047,9932,4591,2776,2536,40904,2085,1934,3463,3675,5387,6765,5233,6652,2738,2972,63240,86798,40904,9289,31615,46339,43368,2971,37730,6.4,2.0,3.8,18.4,28.7,10.5,23.6,13.0,17132,56218,24753,694,6560,7360,93595,5497,4221,4656,5063,5249,4126,9903,10823,11994,8407,9473,15491,6588,3098
0500000US06039,Madera County,155013,3.28,0.7528142022666167,74683,80330,88806,66207,1504,3047,4835,136,443,2711,2500,211,53531,57799,13596,10158,12550,13205,8290,44759,39082,34355,9217,4138,5432,1335,5883,2365,759,2246,3748,11901,5175,2592,3008,44759,2850,2516,4282,4498,7099,8371,5195,6527,1832,1589,52884,69614,44759,18911,25848,63042,57799,5243,54108,8.3,16.9,11.2,25.0,24.5,7.9,10.0,4.5,42756,83955,20326,1550,9744,8114,123049,31964,11807,11847,12193,11303,10848,21466,19585,18065,8898,8204,12760,5764,2273
0500000US06105,Trinity County,12862,2.17,0.2341066341066341,6582,6280,930,11932,574,179,87,158,27,300,299,1,10607,4758,1379,1321,850,595,613,5796,4750,3879,378,348,256,22,420,238,71,159,310,1058,705,257,536,5796,577,504,867,769,803,955,556,493,164,108,38497,54856,5796,1198,4598,5204,4758,446,5811,8.6,1.5,7.9,33.4,29.8,7.8,14.9,4.8,2168,7157,3366,46,1190,1477,12284,578,571,646,523,752,404,1057,1418,1661,1076,1365,2067,1055,267
0500000US06071,San Bernardino County,2135413,3.3,0.9483751232183508,1062472,1072941,1127813,1007600,7409,145652,168864,6037,4085,52291,49414,2877,623262,892435,259943,167117,206397,91515,167463,630633,574948,514950,5986,67634,78804,29625,115302,85911,11483,42392,83437,197018,81531,45851,47461,630633,34198,31835,59404,58750,79401,117004,83245,95961,40547,30288,60164,77575,630633,268443,362190,978082,892435,85647,639400,8.8,9.1,11.4,26.5,24.5,8.3,13.2,7.1,572268,1284403,227837,19549,118274,90014,1687217,448196,154616,159351,160376,159896,169422,319211,273918,268397,128278,108605,141854,66406,25083
0500000US06061,Placer County,380077,2.67,0.8720890531326257,185511,194566,52498,327579,1244,27196,5868,576,403,13912,13528,384,278380,173493,77837,28898,42102,12355,12301,140661,132400,124285,1323,12269,10649,4333,20225,7302,3883,14804,21699,39859,16001,8554,12592,140661,5616,4796,8765,9627,12591,21851,18041,27747,15169,16458,84357,109020,140661,44991,95670,182498,173493,9005,121102,4.9,2.1,3.3,18.2,26.6,11.3,25.9,12.7,85681,221538,70139,2950,16420,20960,338427,41650,20325,25051,24540,24399,20279,41834,48667,52916,26116,24851,40466,21867,8766
0500000US06095,Solano County,438530,2.87,0.9151775641641404,217931,220599,114406,324124,1258,65994,59500,3928,1288,23286,22630,656,168870,202713,67085,40951,45384,21989,27304,149067,138661,132179,3014,16752,17279,5077,23107,12743,3636,11149,19706,46786,19382,9695,14387,149067,6100,5323,9438,10274,15969,25215,21756,28449,14073,12470,77609,96029,149067,52536,96531,218059,202713,15346,129333,7.0,5.7,6.3,23.3,28.3,10.1,18.3,7.9,98712,264604,63011,3784,26890,22131,350738,87792,26706,27649,27594,26976,29952,63551,54436,58247,29377,29652,39080,17772,7538
0500000US06011,Colusa County,21464,2.99,0.3983849259757739,11124,10340,12655,8809,159,324,277,53,30,294,294,0,7672,9663,2275,1722,1602,2544,1520,7113,5976,5499,2648,462,968,236,914,522,27,337,415,1194,1327,195,418,7113,252,363,890,735,984,1346,1073,781,398,291,56704,82313,7113,2977,4136,10183,9663,520,6030,5.1,19.7,11.0,23.7,20.6,9.7,11.5,3.9,5883,12530,2884,194,1407,1028,15567,5897,1589,1708,1639,1538,1356,2878,2523,2641,1494,1132,1768,860,338
0500000US06031,Kings County,150075,3.16,0.7684938762432242,82674,67401,81154,68921,1227,5737,8784,285,204,3626,3449,177,49058,53217,13114,11534,10374,10546,7649,42735,37560,32974,7930,1933,3988,1220,5126,2322,541,1576,3365,11330,4487,2139,7260,42735,2329,2404,4089,4685,6570,7666,5962,5610,1943,1477,53865,69985,42735,20028,22707,58072,53217,4855,51282,8.4,12.8,13.5,25.5,26.0,8.7,9.5,4.0,40908,77997,14248,1687,8694,6187,122936,27139,11639,11665,11255,10441,12754,25059,20610,18001,7714,6370,8414,4632,1521
0500000US06019,Fresno County,978130,3.16,0.852490356262774,487936,490194,515907,462223,4458,97991,44474,1104,1864,20877,19919,958,291455,400175,118785,78632,84756,60550,57452,304624,267065,237426,39703,22833,29221,14087,41828,19879,5377,18856,33818,95614,34762,19316,24881,304624,21380,19989,35375,33605,38742,53091,35192,38001,15704,13545,51261,71663,304624,125525,179099,441451,400175,41276,284911,9.4,14.2,10.5,22.9,23.2,8.5,13.8,6.9,279641,575305,111962,11421,67425,47293,769312,208818,78636,78627,78151,71970,74241,148512,120605,111792,53835,47323,66238,32360,15840
0500000US06111,Ventura County,848112,3.08,0.9845142942248636,419588,428524,360017,488095,2299,60242,13677,1406,1016,21154,20614,540,388301,412228,156980,70758,91629,48040,44821,271226,249158,235305,23148,23744,41599,12286,43604,13782,10054,31537,49253,80852,40004,21816,20549,271226,8653,7711,16744,17921,26844,42811,38297,51509,27073,33663,84017,110792,271226,95920,175306,438081,412228,25853,230724,5.9,9.6,6.0,18.9,23.1,9.3,20.8,12.3,199247,520261,121981,7771,41686,42647,661332,186780,51709,53476,59175,57639,59428,112151,105619,116202,59504,49774,71153,35016,17266
